,phi,theta,psi,delta,xr,yr,zr
0,-0.3048644104385286,-0.20635847666069726,-1.2946979556567284,0.6364351091936193,388.0462575048441,-94.91859844780835,598.9645423879477
1,-0.26518178627309197,-0.19850001196368375,-1.2438301069496138,0.6347145688841703,390.00691694977553,-390.50456399375344,598.9319944063623
2,-0.24116352806657956,-0.18923451009805212,-1.1823442731302818,0.6297539794196374,392.00255141905893,392.66834289736136,598.934988516661
3,-0.20444028141927914,-0.20168587983316522,-1.1496810770303316,0.6373702622247228,395.9781018589267,-1575.1280978419832,597.0369472924787
4,-0.16585943000980843,-0.19679042078492115,-1.0956276227526758,0.5817373440368632,400.0094572801592,-3150.478664835908,595.9806494468385
5,-0.12662258668436308,-0.19543860477435274,-1.0497672513649319,0.5902997230137089,405.0057709656644,0.11150684975850741,593.9257625463729
6,-0.16280002516145908,-0.197665488341992,-0.9656636650558328,0.5198392645807368,410.01288786554034,0.11150684975850741,594.0719992891951
7,-0.14627881392064526,-0.18824874350511603,-0.8988157789524993,0.4469221563349052,415.0380380245227,-26.471096319526836,593.9617634908934
8,-0.11103175435118043,-0.18436030673556933,-0.8237890324580911,0.35070640044954615,420.00462016382676,11.074141396238915,592.9952758934509
9,-0.09993809461434698,-0.18243719309832598,-0.7602636473545011,0.3216610697438268,427.05562776085935,11.194886474926522,593.0221937935451
10,-0.13728059760153505,-0.17891346047054113,-0.6784763463308088,0.21233794686605256,432.99251866162996,40.193287843467736,592.0217843792317
11,-0.14258660809515644,-0.18511575997687604,-0.5939330931384683,0.22071095241378288,440.01256266418204,70.38715766399646,592.0019156401951
12,-0.1321958027950703,-0.19309672407942144,-0.5172775287229194,0.3422526107595661,447.0690295408124,-306.3559269967229,590.9791587404858
13,-0.1472331052160152,-0.2048395605413743,-0.4316047843511295,0.3142681033214432,454.9625410810935,-613.8960641005167,590.0389471101663
14,-0.16060729283266828,-0.22406428402417589,-0.351938486573707,0.29228724440329357,463.9680911274231,-1228.3876526369331,587.9374456301188
15,-0.20051399711752121,-0.2276291937086016,-0.2069830972158186,0.16730574379053273,472.02399224419725,0.2995291724078015,586.9839645105842
16,-0.22323652627969867,-0.2390596403282743,-0.05976621808623297,0.05261495093849028,481.99173446873334,27.52166452127321,585.9743423092949
17,-0.22384887755807603,-0.25347269903696346,-0.023948255522235565,0.05183704502958155,491.9730375723134,66.31571991327897,584.999293702894
18,-0.2229114546977064,-0.2609063615762807,-0.007026746513737025,0.043162433573305396,501.9644547933849,-5.464103820136572,584.0380316894808
19,-0.22120985872840232,-0.2745499640774889,-0.003212341816381935,0.05406166864955282,511.9783703572195,-5.464103820136572,583.0264961931775
20,-0.21979897913759439,-0.28750470198045375,-0.002701263624325218,0.05368445372106289,521.9795851580222,-5.464103820136572,582.0203594049574
21,-0.21951576952814716,-0.2933803019537751,-0.004038455216220794,0.055281758638028616,534.9788891969655,-5.464103820136572,582.0222524090917
22,-0.2200791362542569,-0.3051665695983764,-0.005079273526799765,0.05483769809814031,546.9787479019868,-35.74200124652363,582.0223202087927
23,-0.21977964688558105,-0.30550437631322547,-0.004909115536472352,0.05517506063123357,558.9912706453911,9.836672746059293,581.9830831233155
24,-0.24060808714295945,-0.3111754318018955,-0.004113815950493599,0.03990881368075145,570.9942299736051,9.836672746059293,581.9830476090006
25,-0.2407272545758925,-0.3113566976693056,-0.00369718386202194,0.04015293867785098,583.9902969752588,9.836672746059293,581.983048658176
26,-0.23960987648305232,-0.316980916522128,-0.00460236754509698,0.03740712388035448,596.0032587475704,8.913603219817546,581.9684413174253
27,-0.23981825862715878,-0.31701747437154704,-0.0042181999976987775,0.03618630815283187,608.0007560197637,8.913603219817546,581.968441029238
28,-0.24037183104103163,-0.3226152034545784,-0.005492151689687225,0.03756677816328704,619.9995363526361,8.913603219817546,581.9684465507344
29,-0.23868655562772,-0.3283932420462707,-0.006910827054030968,0.03928114654096156,632.0006655477945,8.913603219817546,581.9684245328627
30,-0.25916308589916004,-0.339847888833897,-0.007808248167543967,0.029140952415454814,644.9994554447118,8.913603219817546,580.9495591664831
31,-0.25804609970420644,-0.3396614216508053,-0.00791879372840627,0.027234555687043693,658.0012598919901,8.913603219817546,581.9664255561484
32,-0.2571494456164347,-0.35151056868103653,-0.010962188641311925,0.03117291459244366,672.002437654634,8.913603219817546,581.9684363559344
33,-0.27766211252324013,-0.35108917014757995,-0.008210227361129597,0.01742690578565084,684.9915603584759,8.913603219817546,582.9830532540918
34,-0.277869122498819,-0.35779212681912725,-0.010370165551744363,0.018326548871777273,698.991179999533,8.913603219817546,582.9831759722333
35,-0.27737708947776807,-0.36376269138961675,-0.011753949946663483,0.018299702934633434,711.9787247460335,-93.41784813969798,583.0224911227848
36,-0.2939243321957131,-0.3702359613946215,-0.010151592851871609,0.0033058886046268246,725.9788923839736,-93.41784813969798,584.0209897058958
37,-0.29545102578042215,-0.3773256216045878,-0.011869077250974927,0.004660937564353127,738.976838424707,-192.1725997131629,583.969697992319
38,-0.2953622246059298,-0.38402876228617494,-0.01163477956918064,0.004568477877188704,752.9768585186124,-192.1725997131629,584.9699545372056
39,-0.31273340027860236,-0.39190943169988435,-0.00480532413870699,-0.015550745347169296,766.0313301057173,-192.17259390314345,584.9505389212619
40,-0.3244917924316778,-0.4000505161830998,-0.00773676140574046,0.002274296908741181,780.0441423574432,-387.4425805576177,584.9874317347501
41,-0.3236898540495966,-0.40080841766593406,-0.019256435232620495,0.012721611500473089,791.9412232757942,1.5780563885861056,586.0076788881914
42,-0.33924637078188785,-0.4029333589280882,-0.03470495467481823,0.007109554834575747,804.9411325161625,-33.8316674034586,587.0076923302619
43,-0.3379203011484084,-0.4044733278344358,-0.08536691876699178,0.06421513323991573,817.9967251066194,-477.01718161669334,587.9965154331774
44,-0.33522821150231175,-0.4050487085363891,-0.10314363503456923,0.07824862809707428,829.9969596153148,1.371430429713655,588.9964061335899
45,-0.3384490783199895,-0.40614707873541306,-0.19378886280320748,0.15910289341771705,842.9948035548765,-254.93584033648906,589.9927571468999
46,-0.306178648259147,-0.4058649151646571,-0.30201252588893285,0.2663518096673318,856.0302734380878,-2058.2034462723054,591.0171729415084
47,-0.2890150498545,-0.40606659115597193,-0.3569207616161592,0.32275690349784064,869.0301996694847,-8233.836441105785,592.0171420624978
48,-0.31652271023061473,-0.4068642541030904,-0.36904686472266623,0.32960012802645416,880.986685956333,-32935.60758717479,592.9744459363757
49,-0.2982522328595479,-0.4076688086424636,-0.43137384443373467,0.39400660554665323,892.9868491455081,-65871.23748001736,593.9744016267674
50,-0.30474399889465054,-0.39586811618864465,-0.46844147615499027,0.4376146196149856,905.0258149298407,-65871.23748001736,595.9610945729655
51,-0.3094998743121245,-0.3951947996700069,-0.47883133261431304,0.44310384333564135,916.0118974191008,-131742.48665852137,597.0005622550744
52,-0.30457579115325384,-0.4021453940200264,-0.4960821350881187,0.45992196161537885,926.9762036936485,263484.98963564483,596.960601577739
53,-0.2958784328639835,-0.3957558495306197,-0.526859999157646,0.49173570809871414,939.0137722148983,-526969.9884005588,598.0082318752642
54,-0.2959131893911193,-0.3957502120643146,-0.5418487820006256,0.5033360051756558,950.0038894882189,-1053939.9783584243,599.0074109919841
55,-0.30110432418155886,-0.3956292319872143,-0.5519077191225713,0.5090367745974624,961.0197377678332,-2107879.9575124662,599.9928466529162
56,-0.3058318112434133,-0.39782466182093207,-0.5791105214092259,0.5413021529610825,972.9828797920054,-4215759.915431442,600.9596898730783
57,-0.3085916136329987,-0.39163888484987425,-0.5936633231690129,0.5553250522036735,984.0509114461996,8431519.831487086,601.9911130883563
58,-0.30119828280607025,-0.3983916509811168,-0.6078720546281652,0.5696852613181496,995.0358049814458,16863039.663080525,601.9911452297359
59,-0.30523647997060743,-0.40219347403548594,-0.6278489488758183,0.571545067382402,1001.5058212169426,16863039.663080525,602.2946019588643
60,-0.3023775426585404,-0.39170763748583937,-0.641178569204504,0.5992573769829638,1018.0313786755627,33726079.32621598,603.9729039306216
61,-0.3313092533481199,-0.38316360322225307,-0.6578073718907017,0.6064097313390167,1023.340662034857,33726079.32621598,604.2335209393009
62,-0.30862368242219157,-0.39032672151499964,-0.6563019003849984,0.6049874577677626,1028.2879023674914,33726079.32621598,604.522120505834
63,-0.28342827608092835,-0.39637193586994957,-0.6728297119275868,0.6251182987123267,1046.302045714966,33726079.32621598,605.5839245427369
64,-0.3088931954360972,-0.3918777408439871,-0.6665996369555519,0.6430915105394973,1054.5728868470069,33726079.32621598,606.2874075722955
65,-0.2940965102707893,-0.3880304094031012,-0.6917814826143242,0.6392398381975024,1063.6106129600767,33726079.32621598,607.1402849506011
66,-0.28239731487626246,-0.38775562488453985,-0.717955357742526,0.6752985406026376,1073.6507908117624,33726079.32621598,608.0344756340505
67,-0.23371929058453902,-0.39247314653833676,-0.7423593911210433,0.7423578860586327,1092.9994244429802,-67452158.65252742,611.0015580796781
68,-0.22831791698119125,-0.3957219445963707,-0.7666708776120262,0.7416884005419623,1094.6231618893123,-67452158.65252742,611.0862554390313
69,-0.2218912401443152,-0.3730021805302572,-0.7826803339059367,0.7464090660631032,1096.9879385258293,-67452158.65252742,611.2216475696342
70,-0.21125712785078507,-0.3844121359871221,-0.8051287832262713,0.7517247034664952,1100.1736389371974,-67452158.65252742,611.3422021601444
71,-0.19125203971199067,-0.39331199622451885,-0.8548636632706291,0.7775011582097858,1110.272361056795,-67452158.65252742,611.7931113642603
72,-0.10889023299483304,-0.3941373459770902,-0.8858509105197516,0.8809597369447377,1136.5932964516435,-67452158.65252742,613.2254197903958
73,-0.12214082241574627,-0.39913600815047806,-0.8974782772721265,0.905695484935481,1140.9613430233464,-67452158.65252742,613.6724868608927
74,-0.0898846846735816,-0.403668517048072,-0.9319290316052494,1.0025578212428756,1161.474234410075,-134904317.3050732,617.0108721475744
75,-0.07017423383474151,-0.42342482113383983,-0.9591728584762861,1.0059059431990525,1162.184587067192,-134904317.3050732,617.0560586593551
76,-0.05804536885391985,-0.3943297731621292,-0.96940366649673,1.0088156338158343,1162.748586530369,-134904317.3050732,617.0956807992125
77,-0.02638155994624801,-0.40559144414310916,-0.9982819236190354,1.0166075640327017,1164.6472376790737,-134904317.3050732,617.1879145315917
78,0.02688175748058258,-0.41360790521662916,-1.033664858065768,1.0313174591981096,1167.9046870807201,-134904317.3050732,617.3699350634207
79,0.07424178530270203,-0.42211918877695725,-1.05956215291659,1.0653750554382064,1174.3473904899613,-134904317.3050732,617.7703637310823
80,0.13454142497830024,-0.43118153095931633,-1.0752017214286644,1.1116505919287967,1182.3302603471273,-134904317.3050732,618.3596656617308
81,0.15065506725104902,-0.4315276732777976,-1.1099827098592572,1.1714033524360405,1191.879232611068,-134904317.3050732,619.1510002380344
82,0.1565836741179519,-0.44356284653710293,-1.1247222322742452,1.20150739152999,1197.0172716996974,-134904317.3050732,619.5442385649568
83,0.1818840866274387,-0.4541482253496678,-1.167569613464552,1.395807579356706,1229.8811833812342,-269808634.6101569,623.9758512678
84,0.19580103706671548,-0.46853113042035915,-1.181148753381705,1.3978753917620628,1230.169254339251,-269808634.6101569,624.0096154577878
85,0.21131811882314777,-0.48468004582845897,-1.2103701142213106,1.402550848853812,1231.1050724892482,-269808634.6101569,624.1178937458099
86,0.21513762182437213,-0.44272442216844327,-1.2409387679558581,1.4107847563471174,1233.0921109208984,-269808634.6101569,624.3439371657407
87,0.21154483286421694,-0.47805706638544493,-1.2753248356720177,1.5115316368238383,1252.4429695318584,-539617269.2203195,628.0090541356666
88,0.21652699179400473,-0.4910845838198212,-1.2834961583596478,1.5122581588553003,1252.6253124210423,-539617269.2203195,628.0355688690604
89,0.24049916938636226,-0.4925122704248356,-1.3201169884621327,1.5141726133007638,1253.508900106454,-539617269.2203195,628.1602421627599
90,0.1851070878384296,-0.47098187755259485,-1.3746114097198,1.5233876877207821,1257.4743652844547,-539617269.2203195,628.7681269484069
91,0.1883439035416557,-0.4965306325673175,-1.3752347494311623,1.5239688359682986,1257.8069237103962,-539617269.2203195,628.8313429424292
92,0.23545762631545408,-0.46678007880565237,-1.4061326007929216,1.5302560818514686,1261.9996821364302,-539617269.2203195,629.8651141407624
93,0.22536219874231797,-0.500968059568918,-1.4067246821551156,1.5309121113989421,1262.361873799262,-539617269.2203195,629.962674438591
94,0.1427991102378775,-0.47239989927874765,-1.4230940489744761,1.5386785301468227,1267.1156181437625,-539617269.2203195,631.5187436172763
95,0.16155049578910036,-0.50871729189845,-1.4279744514403838,1.5390193358265982,1267.4799649777538,-539617269.2203195,631.644076831169
96,0.21099356839647476,-0.47650842666981885,-1.4451303913659768,1.5403455099718697,1268.8874302069173,-539617269.2203195,632.1628765930886
97,0.21450850787122347,-0.517464735422954,-1.4499867949634437,1.5408640740263773,1269.3835851763454,-539617269.2203195,632.3385718207625
98,0.22456116088183606,-0.4701584887444437,-1.4655684700008555,1.5428657909367862,1271.3158673875662,-539617269.2203195,633.092265406825
99,0.2248317947349946,-0.5150804893773084,-1.4703524419780636,1.54341914849899,1271.8744247882762,-539617269.2203195,633.3382872266798
100,0.2221922213651345,-0.4772567638031329,-1.476052155802619,1.5443764379962797,1272.800232805166,-539617269.2203195,633.795312751271
